{"cameraMode":{"drawMode":0,"name":"Shaded","section":"Shading Mode"},"sceneLighting":false,"audioPlay":false,"sceneViewState":{"showFog":false,"showMaterialUpdate":false,"showSkybox":false,"showFlares":false,"showImageEffects":false,"showParticleSystems":true},"in2DMode":false,"pivot":{"x":0.05999999865889549,"y":-3.868458122724405e-7,"z":-32.849998474121097},"rotation":{"x":0.5959041118621826,"y":-0.0036131686065346004,"z":0.002682226011529565,"w":0.8030430674552918},"size":869.7363891601563,"orthographic":true}